هم;concern, worry
صدق;truth, truthfulness, honesty
جيب;pocket
منح;granting, giving, awarding
دخول;entry, entrance, entering, going , joining
معنى;meaning, sense, significance
حفظ;memorizing
ذنب;fault, sin, offense
طرف;edge, tip, outskirt
وعي;awareness, consciousness
احباط;frustration
مستوى;level, standard
استعداد;getting ready, preparation, preparing
قيمة;value
عزيزي;dear
عن طريق;through, by means of
قتل;killing
الإسلام;Islam
شأن;matter, affair
شر;evil
مهنة;job, profession
جنسية;citizenship, nationality
الشرق الأوسط;the Middle East
شرعية;legitimacy
مواطن;citizen
مشط;comb
خير;goodness, good thing, well-being, bounty, blessing, good
هل;parents, family
وإنت طيب;[said in response to كل سنة وإنت طيب]
أخلاق;manners, morals
في هذا الصدد;in this respect, with regard to this, on this occasion
شهيد;martyr
قومية;nationalism
أقلية;minority
جهل;ignorance
شرط;condition, stipulation, requirement
كتف;shoulder
بطولة;championship, tournament
موقع;site, location
منع;preventing, prevention, forbidding, forbiddance
نقد;criticism
نتيجة;result, outcome
رفض;refusing, rejecting, refusal, rejection
صدمة;shock
بيئة;environment
رقابة;supervision, control, censorship, surveillance
حمق;foolishness, idiocy
جمهور;audience
حمار;donkey
صحة;health
فجوة;gap, opening
رمي;throwing, tossing, discarding
مقاطعة;boycotting
كمية;quantity, amount, magnitude
ظهور;appearing, appearance, emerging, emergence, becoming visible
ضحية;victim
طلاق;divorce
شفقة;compassion, pity, sympathy, mercy
إيجابية;positivity
عشق;love, passion
حمام;pigeon
جلد;skin
ميل;tilt, slope
بشر;human, human being, people
ببساطة;simply
بطاقة;card
مطبعة;printing machine, press, or shop
وحش;beast, monster
كهربا;electricity
خجل;shame, embarrassment
كارثة;disaster, catastrophe
محفظة;wallet, purse
فخر;pride, honor
آداب;etiquette, decency
حظ;luck, fortune
صلاة;prayer, praying
ذهن;mind, intellect
منتها;end, finish
تدعيم;support, supporting
زفاف;wedding
تشريع;legislation, legislating, making laws
فعالية;effectiveness, efficiency, functionality
قتيل;murdered, killed, or slain person
مرحلة;stage, phase
نخل;palm tree
فرعون;Pharaoh
حجم;size, volume
إسلام;Islam, becoming Muslim, embracing Islam
تأشيرة;visa
فرق;difference
جعل;making, causing
أسرة;family
قانون;law
دفع;paying, payment
حساب;being held to account, settling the score, getting even
لهجة;dialect, vernacular, accent
حبس;imprisoning, imprisonment
اختيار;choosing, choice
حماس;enthusiasm
ظلم;injustice, oppression, tyranny
ذكرى;memory, remembrance
بالقوة;by force
انطباع;impression
مصيبة;catastrophe, disaster, calamity
حصان;horse
صراع;fight, struggle, conflict
تاريخ;history
توازن;balance
بحجة;on the grounds
تراب;dust, dirt, soil, earth
قدر;fate, destiny
نجاح;success, succeeding
حزب;party
أمين;honest, trustworthy
حركة;move, movement, motion, activity, action
غير;except ,  other than,  aside from,  besides, other, person or thing other than the one in question, else
لحن;melody, tune
تواجد;existence, presence
هزيمة;defeat
طيّ;folding, turning  over
اضافة;adding, addition
ليلة دخلة;wedding night
أدب;good manners, decency, civility
ما;what, that which
فوضى;chaos, mess, confusion
ثابت;fixed, stable
منع من;preventing, forbidding  from
مادة;material, resource
علبة;can, case, box
ضغط;pressuring, exerting pressure, pressure
حفّة;side, edge, border, rim
طرف;limb, extremity
جزء;part, section
سواد;blackness
آهة;sigh, moan, groan
بطل;champion, hero, protagonist
قناة;channel
حجر;stone, rock
جمال;beauty
تغطية;covering, coverage
الفجريّة;dawn/daybreak
وظيفة;job, position, function
مهمة;mission, task
نفايات;waste, garbage, trash, refuse
نسبة;percentage
صدفة;coincidence, chance
بنفس القدر من;the same degree/level of
قطعة;part, piece
وحدة;isolation, loneliness
عبادة;worship, worshiping
سطح;surface
مسير;not endowed with free will
كل ما في الأمر أن;it is/was merely that...
قضا;divine decree, destiny, fate
شكوى;complaint
سائل;beggar
إحسان;beneficence, charity, almsgiving, philanthropy, performance of good deeds
ربح;profiting, gaining, earning
محض;pure, sheer
تحامق;pretending to be stupid
تمني;wishing
سلّم;ladder,  stairs, staircase
صحراء;desert
تساوي;equality, equivalence, sameness
مظاهرة;demonstration, protest
مرير;bitter
تجربة;experience
قميص;shirt
بقية;rest, remainder, remaining
خطوة;step, footstep, pace, stride
رقبة;neck
شجر;tree
هواية;hobby
أصل;origin
إبهام;thumb
بذر;seed
جمل;camel
قفز;jump, leap
جامع;mosque
اختفاء;disappearing
إتيان;bringing, offering
نصيحة;advice
مطب;pothole, pitfall
مناداة;calling, calling out
داعٍ;preacher
تأدية;performing, executing
نوع;category, class, order, species
ملف;file, folder, portfolio, dossier
نقل;copying, making a copy of
كره;hatred, hate
لا سبيل إلى;there is no way to
خشية;fearing, being afraid of, out of fear of
الحيلولة بين;intervening, interposing, coming between
فناء;passing away, perishing, ceasing to exist, coming to an end
ملحمة;epic, saga
بقدر ما;in the same measure as, to the same extent as, as much as, as large as
بخلاف ما;contrary to what
مستفاد من;benefited from
ما لم ف;unless
إيتاء;giving, bringing, granting, bestowing
بذات;by  self/selves
تبعية;subordination, subjection, submission
في مقابل;in exchange for, in return for
نادرة;interesting or funny story, anecdote
مزبلة;garbage dump
محاسبة;holding accountable
إن صح التعبير;so to speak, if one may say
دعوى;claim, legal suit, court case
فض;scattering, dispersing, breaking up
شريعة;sharia
متطرف;extremist
مفارقة;irony, paradox
منظّر;theorist, theoretician
موضوعية;objectivity
كفاية;sufficient amount, degree, extent, etc., sufficiency
على كل حال;in any case, anyhow
شبع;being full , satiation
تفاح;apple
أسطورة;legend, myth
ضعف;weakness
آليات;mechanisms
انفجار;explosion, exploding
بلادة;dull-witted
علّامة;scholar, master, scientist, expert
أمر;matter, issue, thing
ضمير;conscience
تطور;development, evolution, growth
حق;just due, right, legitimate claim, entitlement, prerogative
مال;money, wealth, property
خصم;adversary, opponent, rival
مشهد;scene
إيجار;rent, renting
ولادة;birth, childbirth, delivery
مخطط;plan
اطمئنان;reassurance, being reassured
مهرجان;festival
مقياس;standard, measure, gauge, criterion
طبيعة;nature
أداة;tool, utensil, device, appliance, instrument
تصليح;repair, fixing
قلق;worrying, worry, concern
ورق;paper, sheet, document
طبع;typing, printing
ممارسة;practicing, practice, pursuing, exercising
فترة;period
عالم;scientist, scholar
انتماء;belonging, association, affiliation
لا شك;no doubt
مختبر;laboratory
قوة;power, force, strength
علام;flag
رصيف;sidewalk
دقة;precision, accuracy
سن;tooth
ربيع;spring
مصدر;source
استثناء;exception, exclusion, making an exception
محاضرة;lecture,  class
نمو;growing, developing, growth, development
وجهة نظر;point of view, opinion
جذر;root
عظم;bone
كرامة;dignity
خيط;thread, string
سطح;roof
عملية;operation, process
استقبال;greeting, welcoming, receiving, reception
جلب;attracting, bringing or drawing in
سقف;ceiling, roof
واقع;reality
أزمة;crisis
عبارة;phrase, expression
صيام;fasting
درجة حرارة;temperature
هدف;aim, goal, purpose, target
الخليج;the Arabian Gulf, Persian Gulf, Gulf
غضبًا;anger
ذات;self
شريط;tape
قيد;limit, restriction
إرادة;desire, will
قضية;issue, matter, affair
تقرير;report
دفاع عن;defense of, defending of
عبد;servant, slave
حكم;rule, ruling
فرصة سعيدة;Nice to meet you
نظام;ruling system, regime
سكن;living, dwelling, residing, inhabiting
إعلام;media
بوسع;to be in  power to
إيصال;conveying, transporting
عمر;age,  old
سرقة;stealing, theft, robbery
وفد;delegation
بناية;building
شبه;almost, semi, quasi
فرع;branch
جذب;attracting
تصرف;behavior, action
مدخول;income
ندرة;rarity, rareness, scarcity
منافسة;competing, competition
مباراة;contest, tournament, match
فران;oven
غباوة;stupidity
ملمح;feature
صفة;quality, characteristic, attribute
جمهورية;republic
على العموم;generally, in general
صوف;wool
إحساس ب;feeling, sense of
تعبير;expression, expressing
شجاعة;bravery, courage
خلفية;background
حدود;limits, boundaries
فالصراحة;honestly, frankly
فضول;curiosity
مخدرات;drugs
غريب;stranger, outsider, foreigner
مرتب;salary
تسويق;marketing
دمع;tear
سم;poison, toxin
قصف;bombing, shelling
مجهود;effort
أسس;basics, rudiments
مهاجر;immigrant, emigrant, migrant
رمل;sand
كومة;pile, heap
علم;knowledge, education
زيارات;visits
هجرة;immigration
مما;than
تاريخ;date
دليل;proof, evidence
سوق;driving
فراغ;void, emptiness
روح;soul, spirit, breath of life
فرش;furnishing
ثورة;revolution
ذنب;guilt
حيوية;vitality, vigor, liveliness
ضغط;pressure
ثروة;fortune, wealth
في العادة;usually
دين;debt, credit
تمر;date
حل;solution
استيعاب;comprehending, comprehension
حكومة;government
هدف;goal
مناسبة;occasion, event
مسئولية;responsibility
أغلبية;majority, most
هز;shaking
حياة;life
مرجعية;reference, authority, authoritative source
خلق;s.th. which is created, creation
قرن;century
بعد;distance, farness, being far away
منطقة;area, region, zone
غنم;sheep , small cattle
صعود;climbing, ascending, going up, rising
ثقة;confidence
صفحة;page
حرمان;deprivation
القضايا الراهنة;current events
قرار;decision
موقع;website
عدل;justice, fairness
وطن;home country, homeland
علاقة;connection, relationship
مرح;joy, cheerfulness, hilarity
حافز;motive, incentive
أنثى;female
ريف;countryside
النفس;the self
منهاج;curriculum
مستقبل;future
إنسانية;humanity, humaneness
حرية;freedom
تجارة;trade, business, commerce
قدس;Jerusalem
ولا وجع دماغ;and save  the headache
ملل;boredom
طول عمر;always, forever, all  life
اقتصاد;economics
كبت;repression, suppression
مؤسسة;institution, foundation
وضع;situation, status, condition
عرق;sweat
نظام;proper order, orderliness
فضل;benefit, favor, grace
فلاح;peasant, farmer
شعور;feeling
تشجيع;encouraging, promoting, encouragement, promotion
شعار;slogan, motto
إدارة;managing, management, administration
نفس;psyche, spirit, mind
بطالة;unemployment
محتويات;contents, ingredients
قيد;chain, shackle
نية;intent, intention
عقل;mind, brain, intellect
رؤية;vision
غريزة;instinct, natural impulse
جريدة;newspaper
معيار;criterion, standard
حاجز;obstacle, barrier
تكسير;breaking
إعلان;advertisement, commercial
جرعة;dose, dosage
خيال;imagination
عنصر;component, element
نفس;breath
ذوق;taste, preference
مشروع;project, plan, business
فرصة;chance, opportunity
رياح;rest, relaxation, comfort
تاج راس;apple of  eye
حمد لله ع سلامتك;[said when someone recovers from an illness or returns from a long journey]
خرزة;bead
خاتم;ring
قيادة;driving
طموح;ambition, having ambition
إحساس;feeling
ما;some, or other
اهتمام;care, concern, attention, interest
تبادل;exchange, exchanging
جنس;sex, gender
أساس;basis, foundation
مسؤول;official, person in charge
لحظة;moment
خط;line
بديل;substitute, alternative
خصوصية;privacy
ببطء;slowly
تكنولوجيا;technology
أمل;hope
مشاهير;celebrities
استقلال;independence
بشكل;in a  way or manner, -ly
مرآة;mirror
قصد;intention,  means
زمان;time, period of time, long period of time
يوم النكبة;Nakba Day
زبالو;trash, garbage
تصوير;filming, recording
لا حول الله;[expresses helpless resignation]
نظام;system, order
ثقة;trust
حنين;nostalgia, yearning, longing
خيبة;disappointment, failure
صندوق;box
جل;most of, the greater part of
طاقة;energy, power, ability, strength
حراسة;guarding, guard, sentry
حيرة;confusion, becoming confused
صحة;rightness, soundness, correctness
نظرية;theory
نطق;pronouncing, pronunciation, articulation
صنف;kind, sort, specimen, type
لجوء;refuge, political asylum , seeking asylum
كم;amount, quantity
مناخ;climate
الأمم المتحدة;The United Nations
اجتماع;meeting
قياس;measuring, taking measurements of
تلفاز;television
مصير;fate, destiny
صبر;patience
غابة;forest, woods, jungle
عدا;enemy
ضر;harm, damage
مساعدة;help/helping, assistance/assisting, aid/aiding
مترجم;translator
قهر;subjugation, subjugating, conquering
عنف;violence, harshness
مأساة;tragedy
رد فعل;reaction
قدم;foot
المجلس الأعلى للقوات المسلحة;The Supreme Council of the Armed Forces
فن;art
صمت;silence
رد;answer, reply, response
قبول;accepting, acceptance, approving, approval
زيادة;increase, increasing, adding, addition
قاضي;judge
جيل;generation
بسبب;because , due to, for the reason of
ملك;king
حدث;event
جواب;answer, response, reply
هدوء;silence, quiet, calm, peace, tranquility
جهاز;appliance, equipment, machine, device
جهاد;struggle, jihad
سمك;fish
كابوس;nightmare
نفي;denial, rebuttal
بيان;declaration, announcement, statement
تركيب;assembling, installation, putting together
خريف;fall, autumn
احتمالية;possibility, probability, likelihood
وسيلة;means, medium
زيت;oil
أولوية;priority
شبكة;net
ظرف;circumstance, condition
أهمية;importance
فساد;corruption
قطاع;section, sector, district
حديد;iron
دين;religion, creed, faith, belief
مع حق;is right
نفي;negation
هدية;gift
سياق;context
شخصية;personality, character, personage
سفرة;dining table
مؤامرة;conspiracy
حصار;siege
سلوك;behavior
نظارة;eyeglasses
نكتة;joke, wisecrack
مصطلح;term
مبلغ;amount or sum
صنع;making, manufacturing, producing
كيس;bag
لا شك في;there's no doubt about
وفاة;death
إلى الأبد;forever
قبضة;grip, hold, clasp, grasp
معاناة;suffering
ضريبة;tax
صناعة;manufacture, production, industry
تحدّي;challenge
بساط;carpet, rug
خلاف;disagreement, dispute, conflict
لهجة;manner of speaking, tone, style of speech, language
بعد;dimension, aspect
عمق;depth
جريمة;crime
شرطة;police
ميل;tendency, inclination, taste, desire
مبدأ;principle
معرفة;knowing, knowledge
على باب الله;in search for sustenance
خدمات;services
إله;god
بث;broadcasting, broadcast, transmission
كل;each, every
تنمية;development, developing
لسان;tongue
كومبيوتر;computer
شك;suspicion, doubt
فئة;group, category, class
كائن;being, creature
استراحة;rest, repose, break
اختبار;test, examination
نشاط;activity
مقابلة;meeting, interview
دافع;motive, incentive
ضرب;hitting, beating, striking
دور;role
خاصية;feature, characteristic
شرح;explaining, explanation
بندقية;rifle, shotgun
أنصار;supporters, adherents, followers, partisans, sponsors, patrons
شهادة;testimony
ممل;boring
أوليتها;at first
إنتاج;producing, generating, production, output
مشترك;subscriber, member
جودة;quality
مساواة;equality
مدونة;blog
راي;opinion
بشكل مطلق;absolutely, unrestrictedly, without exception, in any respect, under any circumstances
كافر;unbeliever, infidel, atheist
من باب;by way of, as a means of
سيد;lord, master
هيمنة;dominance, domination, control
ليل نهار;day and night
نعمة;grace, blessing, bounty
وافد;visiting foreigner
إقطاع;feudalism
فقر;poverty
مساحة;space, area
طوفان;flood
زمان;time, period, era
صورة نمطية;stereotype
دفاع;defense
بريد;post, mail
دعوة;inviting, asking  to come, invitation
خيل;horse
طقس;ritual
سيادة;sovereignty
مخالفة;ticket
وباء;epidemic, infectious disease
لمس;touching
سلطة;authority
بالمجان;for free
تلوث;pollution
أنانية;egoism, selfishness
احتمال;possibility, probability, likelihood, it's possible that
ضيق;tightness
مفهومًا;concept, notion, idea
خلاصة;essence, main point, summary
مخلوق;creature
تقدير;estimation, appraisal, assessment
بادية;Bedouin
تمييز;discrimination, differentiation, privileging, preferential treatment
وزارة;ministry
صيد;hunting
ديانة;religion
رعاية;care
اشتراء;buying
بنية تحتية;infrastructure
ركوب;riding
جرّ;pulling, dragging
بالصدفة;by chance, by coincidence, accidentally
وزن;weight
استضافة;hosting
ديل;tail
حرير;silk
شط;beach, shore
رغبة;want, desire
قريب;relative, cousin
قناعة;belief, conviction
تسمية;name, title, naming, calling, being named
طبعة;printing, print, edition, issue
سلعة;commodity, merchandise, good
بيت;line, verse
لغز;mystery, enigma, riddle
تعدد;variety, diversity, multiplicity, plurality
صدور;appearance, publication, coming out, issuance, release
مرجعيات;references, authorities
واسطة;nepotism, connections
نتاج;product, output
نداء;call, appeal, summons
صليب;cross
نفوذ;influence, authority
بلحة;date
عصب;nerve
تجمع;gathering, assembly, group, agglomeration
فضيلة الشيخ;[formal title of an Azhar scholar]
موقع;position
تصوير;photography, photographing, taking photos
ذل;humiliation, abasement
اتصال;contacting, contact, connecting, connection
نشوء;emergence, rising, appearance
ركض;running
أسفل;lower or lowest part, bottom
خلق;creating
نشر;publishing, posting
برودة;coldness, coolness, chilliness
حقوق;law
نخبة;the pick, cream, elite
سياحة;tourism
انتقال;transfer, transmission
كفاءة;efficiency, proficiency
ولد عم;cousin
قصيدة;poem, ode
مؤرخ;historiographer, historian, chronicler, annalist
صدر;chest, breast, bosom
لهو;amusement, entertainment, pleasure, fun, play
تبنّي;adopting, adoption
إشكالية;problem, predicament
رئيس وزرا;Prime Minister
قيادة;leading, leadership, command
بحيرة;lake
في غاية;extremely, of utmost
لعنة;curse
نظرة;look, glance
حكمة;wisdom
بياض;whiteness
خطيبة;fiancée
رصد;observing, monitoring
غلط;error, mistake
مقاطعة;interrupting, interruption
كثافة;density, intensity
زهر;dice
المخابرات;the state intelligence services, secret services
توقّع;expectation, expecting, anticipation, anticipating
عقبة;obstacle, hurdle
قسمة;fate, share/lot in life
زلزال;earthquake
استخبارات;secret service, intelligence service
وزارة الخارجية;ministry of foreign affairs
غيرة;jealousy
حركة;movement
تراث;inheritance, legacy, heritage
أبتي;O my father!
معارضة;opposition
غرض;aim, intention, purpose
اتصال;communication
مورد;source , resource
إذن;ear
وكالة;agency
سهر;staying up late, spending the evening/night
دم تقيل;is unfunny, lame, annoying
دوا;medicine, remedy
انقلاب;coup d'etat, upheaval
دليل;guide
لوم;blame, reproach
نحو;grammar, syntax
قماش;fabric, cloth
تشبيه;allegory, simile, parable
ناقد;critic
تشاؤم;pessimism, being pessimistic
تفاؤل;optimism, being optimistic
مقاومة;resisting, opposing, resistance
مما;from
مغامرة;adventure
هروب;running away, escaping
صيغ;types, versions, forms
كمّون;cumin
قصور;deficiency, shortcoming, lack
قالب;template, mold, frame, shape
غربة;state of being a stranger in a foreign land, homesickness, living abroad, absence from the homeland, exile
نصيب;lot/share , fate, destiny
عقد;necklace
تكلفة;cost, expense
ركبة;knee
معهد;institute
حجة;argument, justification, reason
معدات;equipment, material, materials, gear
ابتزاز;blackmail, extortion
هاي الليلة;tonight
منحة;scholarship, grant
جولة;tour
على عكس;as opposed to, contrary to
سلة;basket
واسطة;[well-placed individual who deploys influence on another's behalf]
حزم;determination, resoluteness, firmness, energy, decisiveness
حنّة;henna
ذات;one
صفيحة;jerry can, tank, container
مساهمة;participation, sharing, contribution
ع الوقت;on time
خشبة;piece of wood, plank, board
مناعة;immunity, immune system
ميزانية;budget
شيعة;Shia
حسد;envy,  evil eye
مكتوب;fated, foreordained, destined
اشتباك;clash, confrontation, encounter
دفن;burial, burying
قنال;canal
توقع;forecast, prospect
ولاء;devotion, loyalty
ذوق;tact, manners
برفقة;accompanied by, in the company of
برنامج;computer program
غالبية;majority, greater portion
مجاملات;courtesy, compliments
جلد;hide
بر;land
سحب;withdrawing, taking away, pulling
سلطة;power
ألم;pain, ache
قمع;repression, repressing, oppression, suppression, curbing, prevention
حرج;feeling of unease, embarrassment, awkward situation
تنكة;tin container, can
نوعية;quality
خليج;bay, gulf
عروبة;Arab nationalism
توتّر;tension, strain, stress
دستور;constitution
رطوبة;humidity
عبور;crossing, traversing
لا قوة إلا بالله;[part of phrase لا حول ولا قوة إلا بالله]
امتداد;extension, stretching, stretch
عقد;holding, arranging
مفاوضات;negotiations, talks
تغزل;flirtation, expressing romantic thoughts
عادة شهرية;menstrual cycle, menstrual period, menstruation
منظمة;organization, institution
إلى حد ما;to a certain extent, up to a point
مسح;rubbing, wiping, mopping
حريق;fire
غرق;drowning, sinking
عند;stubbornness
حرص;keenness, eagerness,  desire
فك;taking apart, disassembling
نقص;shortage, lack
مذياع;radio
ملء;filling, filling up, filling out
سر;secret
يأس;hopelessness, desperation, despair
يقين;conviction, certainty
ليلال;night
غزل;flirtation
استطاعة;ability, capability, power
توفّر;availability, existence, abundance
صداع;headache
نفس;soul
حافلة;bus
عادة;custom
حفل;concert
عدم;nothing, nothingness, non-being, nonexistence
شماتة;gloating, malicious joy, schadenfreude, rejoicing at s.o.'s misfortune
روحانية;spirituality, spiritualism
سوء;evil, poor, bad, ill-, mis-, mal-
خمس;fifth
الناقة;The She-Camel
مع الأخذ بعين الاعتبار;taking into consideration
واحة;oasis
فصل;class, classroom
عقاب;punishment
فرار;fleeing, running away
قدر;extent, amount, quantity
تلج;snow, ice
ما بال;what's with...? what's the matter with...?
اعتماد عليّ;depending on me, relying on me
رابط;tie, link, bond
رد;answering, replying, responding
رشوة;bribe
إحصاء;statistic, count
صحافة;journalism, news business,  press
مرونة;flexibility
شعراية;a hair
تقاطع;intersection, junction, crossing
ضمير;personal pronoun
روب;quarter
بزر;seeds
رؤية;seeing
تأمين;insurance, insuring
وإنت بالصحة والسلامة;[response to كل سنة وإنت طيب]
المرء;one
رأس مال;worth
لا حول ولا قوة;[part of phrase لا حول ولا قوة إلا بالله]
عامة;general, common
نسخة;copy, edition, print, version
نقيض;opposite, contrary, contradictory
خلل;fault, flaw, defect, shortcoming, imperfection
عجز;incapacity, inability, failure
نمط;pattern
مربية;nanny, governess, nursemaid
حلقة;ring, circle
فقدان;loss, lack
بما في ذلك;including
إذاعة;radio, broadcast, broadcasting
ناطحة سحاب;skyscraper
ذكرى;anniversary, event of remembrance, commemoration
حادثة;accident, incident, event
بين قوسين;between parentheses
ملايات;bedsheets
ربط;tying, fastening, binding
حساب;calculating, calculation, counting, computing
نهضة;revival, renaissance, awakening
بعثرة;scattering, strewing around, flinging about
ثراء;wealth, richness
جفن;eyelid
حداثة;modernity, modernization
محصول;crop
بئر;well
بطء;slowness
سادة;sirs
مؤشر;indicator, indication, sign
الكيان الصهيوني;the Zionist entity
معاد;appointment,  time, date
رأسمالية;capitalism
لتو;right away, straightaway, just now
فرح;celebration, festival, festivity, feast of rejoicing
حسنات;good deeds, charitable actions, alms
سلبية;negativism, negative attitude
نشر;spreading
طاولة;backgammon
نظرًا ل;due to
رنين;ring, ringing
شرور;evil, wickedness
تضحية;sacrifice
عشر;tenth
عقيدة;belief, conviction, doctrine, dogma
سلب;taking away, stealing
صبّار;patient
وفا;faithfulness, loyalty
صيغة;wording, text, version
عولمة;globalization
فرضيّة;assumpton, hypothesis
إيديولوجية;ideology
في الحق;in truth, actually
مجاز;metaphor, figurative expression
ماشية;livestock, cattle
استطلاع;survey, poll
وتيرة;tempo, pace, speed
ورقة;leaf
مقاطعة;shunning, cutting off relations
تقنيات;techniques
كحل;kohl
قرقعة;loud noise, uproar
جزية;head tax on free non-Muslims under Muslim rule
شقيقة;sister
تغيّب;absence, nonattendance, being away
قلب أبيض;is kind, good-hearted
امتياز;special right, privilege, advantage
لسان طويل;is mouthy, insolent, rude, cheeky, talks back
ما عندوش دم;has no emotions or concern for others
مفروشات;furniture
عين وحشة;has an evil eye, is envious of others
وزن;pattern, form, measure
شقيق;brother
استجواب;interrogation, interrogating, examination, examining, questioning
مصادفة;coincidence, chance
تلفزة;television
بيان;becoming apparent or visible, showing up, coming into sight
في سرّ;in one's heart, to oneself, secretly, inwardly
نفاد;becoming depleted or exhausted, running out
ما إن حتى;no sooner had... than..
حسن;beauty, handsomeness, prettiness, loveliness
ست الحسن;beautiful lady
عيني;my dear
نزوع إلى;being inclined towards, having a tendency to
ضلال;straying, going astray , deviation
فوات;passing , elapsing, eluding, escaping  notice
تعددية;diversity, plurality
معنويات;morale, spirits
سلة;basketball
بحزم;firmly, decisively
حلّ;dissolving  [chemistry]
نزع;tearing out, tearing off, removing
مفر;escape, way out
طاولة الزهر;backgammon board
رسوخ;being firmly established or deeply rooted
مستوٍ;level, even
نهوض;arising, rising, getting up
حفيف;rustle, rustling sound
رتابة;routine, monotony
عضّ;biting
نبرة;tone
سبابة;index finger, forefinger
حدقة;pupil
إبل;camels
وجع دماغ;headache, pain the in neck, nuisance
إليّ ب;bring me!
خادم;servant
سكون;tranquility, calm, becoming tranquil or calm
مشارف;elevated vantage point, high ground
لمح;catching a glimpse of, noticing, seeing, glancing
النكبة;Nakba Day
مؤيّد;proponent, supporter
حب الاستطلاع;inquisitiveness, curiosity
قطيعة;break of relations, estrangement, alienation
تمركز;centralization, concentration
معانى من;being suffered from
المدّعى عليه;defendant, accused
برود;emotional coldness, frigidity
كينونة;existence, being
أمسية;evening
مدعوّ;one invited, invitee, guest
زلزلة;causing to tremble
هأنذا;here I am!
مقرّر;curriculum, syllabus
رقيب;censor
مثل أعلى;ideal, model, role model
كتيّب;booklet, handbook, small book, pamphlet, leaflet
فتّاحة;opener
نقيض;antithesis, opposition, contrast, opposite
في طيّ الكتمان;under the veil of secrecy
كتلة;lump, clot, bloc, mass
غزل;love poetry, romantic poetry
قافية;rhyme
زوال;abating, coming to an end, ceasing to be
ميراث;legacy, inheritance
نيل;getting, acquiring, obtaining, winning, gaining, earning
حسبان;considering, thinking, believing, regarding, assuming, supposing, reckoning, taking  into account
مد;extending, stretching
كسب;gaining, winning, acquiring
ساحل العاج;Côte d'Ivoire
باستطاعت;can, is able , is capable
دار نشر;publishing house
نقصان;being deficient or lacking
سدس;sixth
طريق مسدود;a dead end
مناورات;maneuvers
انقياد;obedience, compliance, yielding, submission, acquiescence
كتمان;secrecy, discretion, confidentiality
معوّق;impediment, obstacle, restraining influence
دعاة;propagandists, advocates, those who call for
سخونة;heat, warmth
عانس;spinster
ذكرى سنوية;anniversary, annual celebration, commemoration ceremony
خليفة;successor, caliph
غنمة;sheep
لا مبالاة;indifference, unconcern, carelessness
تجسد;embodiment, representation of a role or character
ديوان;anthology of poems
حرص;care, caution, concern
سمة;characteristic, feature, trait
بواسطة;by means of, through, by
رأسمال;capital
شذوذ;deviation, perversion, abnormality, aberration
صمود;perseverance, persistence, endurance, resistance
ركوع;kneeling, bowing
مخابرات;secret service, intelligence agency
كتم;silencing, hiding, concealing, keeping quiet
هامش;margin
غموض;vagueness, ambiguity, mystery
لؤم;meanness, wickedness
فضيلة;virtue, good quality
تناقض;contradiction
استيراد;importing
هدمة;garment, a piece of clothing
وسيط;mediator, intercessor
محور;pivot, central point, heart
نثر;prose
جريح;wounded person
سيّئات;sins, offenses, misdeeds
غزو;invasion
عناد;stubbornness
انحطاط;decadence
حما;father-in-law
رب العمل;employer, proprierter of a business
فهرس;index, table of contents
الشبكة الدولية;the world-wide web
عصبية;nervousness, irritability, uptightness
من لحم ودم;of  own flesh and blood
قمر الزمان;the most handsome man or beautiful woman of all time
سوء الحظ;misfortune
حسن الحظ;good fortune
لسوء الحظ;unfortunately
لحسن الحظ;fortunately
ذكورية;masculinity
صياح;screaming, yelling, shouting
خاطبة;matchmaker, woman who arranges traditional marriages
سعف;palm leaves, palm frond
تاريخانية;historicism
تقني;technician
تماهي مع;coalescing or being congruent with
عقلانية;rationality
لمعان;sparkle, shine, shimmer, gleam
حائض;menstruating
اللاوعي;the subconscious
حمدلة;utterance of the formula الحمد لله
أدبيات;publications, literature
نظرة دونية;looking down on someone, dim view
روح معنوية;morale
علمانية;secularism
تبعًا ل;according to, in accordance with
علوّ;height, elevation, becoming higher
بنيوية;structuralism
ضيق;"dire circumstances, a ""tight"" spot"
مرضع;wet nurse
خضرة;greenness, green color
حمرة;redness, red color
مقتل;murder, killing
سمرة;brownness
دق;knocking
لاعقلانية;irrationality
خوصصة;privatization
رمي إلى;aiming at, intending
دليل على;indication of
حضور;presence, attending, attendance
صرف;pure, sheer
خسالة;washing machine
خلف;back, rear, rear part or portion
شبكة;network
هتاف;shouting, chanting, cheering
من وقتها;since, since then
إمكانية;possibility, capability, ability, power
زمن;period, age, era
على الأبواب;near, imminent, just around the corner
شاهد;witness
فصل;semester
يا ساتر;oh my God! dear God! oh gosh! God forbid! God save us!
أدب;literature
تهمة;accusation, charge
جلد;leather
العلي;The Most Exalted
ضأن;sheep , mutton
أدلجة;ideologization
وعليه ف;hence
الشهادة;Islamic testimony of faith
كشف;revealing, uncovering, exposing
خلاص من;getting rid of
خلاص;rescue, salvation
ماهية;essence, core, nature
وصف;description, describing
توصيل;delivering, delivery
جالية;diaspora, colony , foreign community
تأتأة;stuttering, stammering
رابط;link, hyperlink
استقرار;stability, settledness, settling
جائزة;prize, award
تجذر;taking root, being firmly rooted
تهميش;marginalization
بنيان;building, construction, erection, setting up
تجليات;revelations, manifestations
حك;rubbing, chafing, scratching
خلو من;becoming empty of
يمن;right
تطورات;stages of development, evolutionary phases, developments
اجتهاد;individual judgment based on reason
جفاء;aversion, distaste, estrangement, alienation
عزل;isolating, cutting off, detaching
لجوء;resorting, seeking refuge
زيف;falseness, falsification, forgery
بلا حرج;without fear or restraint, unhesistatingly
يسر;left
بدون هوادة;with no mercy, relentlessly
دون قيد أو شرط;unconditional, without qualifications
تارةً;sometimes, at times
ليونة;softness, tenderness, flexibility
ابتسامة;smile
إلقاء الضوء على;shedding light on
ضارب في أعماق;deeply rooted in
اتكاء على;leaning on/against
عاجلًا أو آجلًا;sooner or later
مستجدات;new developments, recent events
سلف;ancestors, forefathers, predecessors
صد;repelling, warding off, driving back, keeping out
دلالة;meaning, significance
نفور من;avoiding, shunning, turning away from, having an aversion to
بالنسبة إل;as to/for, regarding, concerning, according to, in  opinion
سمة دخول;visa
بصدد;currently, in the process
بذل;exerting
فدا;may  be sacrificed for !
سريان;spreading, circulating
تيتا;Granny, Grandma
النبي;The Prophet
بصرف النظر عن;regardless of, despite, irrespective of, notwithstanding, to say nothing of
علم نفس;psychology
على أبواب;at the doors of, approaching
الخليج الفارسي;The Persian Gulf
عصمة;sinlessness, infallibility
وصاية;guardianship, custody, curatorship
مس;touching
بسملة;utterance of the formula بِسْمِ اللهِ الرَحْمَن الرَحِيْم
تسيّد;acting as master
الخليج العربي;The Arabian Gulf
مواد أولية;raw materials
بموجب;according to, in accordance with, on the basis of, on the account of
اللحاق ب;catching or keeping up with, following
ركب;procession, troop, convoy
علمًا بأن;keeping in mind, knowing that…
أقلوية;minority status
في صلب;at the heart of, in the innermost part of
بكل تأكيد;certainly, definitely, for sure
وما إلى ذلك;and so forth
طائفية;sectarianism
حق ال;completely, totally
اضمحلال;dwindling, waning, fading away
استنزاف;exhausting, consuming, draining, depleting, exhaustion, consumption, drainage, depletion
رعي;guarding, caring for
قابلة;midwife
تيار;stream, current
صراحة;honesty, frankness
الصهيونية;Zionism
جوهر;essence
طرح;posing, presenting
فض الاشتباك;disengagement, breaking up of a conflict
وجدان;feeling, sentiment
ارتباك;entanglement, muddle, mess
على وتيرة واحدة;in the same manner, uniformly, in unison
من البديهي أن;it is self-evident that, it goes without saying that
لا ناقة ل فيها ولا جمل;has nothing to do with
عشوائي;random, haphazard, arbitrary
متنوع;diverse, varied
أعلى;higher/highest
إعدادي;middle school, junior high school
صادق;honest, truthful
حسن;good, agreeable, pleasant, excellent
معنوي;moral
شفاف;transparent
مغيّم;cloudy
حريص;careful, keen, solicitous
مصوغة;crafted, molded, fashioned
مسؤول;responsible
تلقائي;automatic
معطى;given
معتدل;moderate, temperate
صافي;clear
فوضوي;chaotic
غبي;fool, idiot, stupid
أقل;least, minimum
عادل;equitable, fair, just
روحي;spiritual
مجرم;criminal
مأساوي;tragic
معاصر;contemporary, modern
مطلق;unlimited, unrestricted, absolute
عاقل;reasonable or sensible ,  having reason or intelligence
واثق;trusting, confident, certain, sure
أقل;less
محدود;limited
مباشر;direct
مالي;financial, monetary
تقليدي;traditional, conventional
تنفيذي;executive
مختلف;different, various
نمطي;stereotyped, stereotypical
مطمن ل;feeling assured, reassured about, being comfortable or at ease with, having no qualms about
ضيق;tight, narrow
يا لطيف;my gosh! good heavens! for goodness sake!
موضوعي;objective
مشترك;common, shared
كاسد;stagnant, slack , being in a state of recession
جريء;bold, courageous, daring
مرن;flexible
كريم;distinguished, eminent, honorable
سياسي;political
علماني;secular
رفيع;exquisite, refined, high-ranking
سالب;negative
عالٍ;lofty, exalted, sublime, high-ranking, of high standing
حميم;intimate, close
إيجابي;positive
مطلوب;required, requested
دولي;national, international
متمركز;centralized, centered, concentrated
تدريجي;gradually
ظالم;unjust, unfair
تدريجي;gradual
أبسط;simpler/simplest
شاكر;thankful, grateful
لئيم;mean, wicked
منحطّ;decadent, vulgar
متطرف;extreme, radical
مستثنى;excepted, exempted
إذا ب;and then, and all of a sudden, lo and behold!
وسيط;intermediary
خلّاق;creative
برمائي;amphibious
دموي;bloody
رأسمالي;capitalist
تلقائي;spontaneous, impulsive
صهيوني;Zionist
ضئيل;small, tiny, minute, little, slight
معاكس;counter, contra-, anti-, reverse, opposite
فضائي;satellite
جوهري;substantial, essential, fundamental
حيادي;neutral
العظيم;The Magnificent
بديهي;obvious, self-evident, goes without saying
عاجز;disabled person, incapacitated person
عاجز;weak, feeble, incapable
حديث;modern, new
محفّز;stimulating, moving
ملموس;tangible, palpable, concrete
تراجيدي;tragic
ابتدائي;initial, primary, elementary
مؤدب;good-mannered, well-behaved
واقعي;realistic
منسي;forgotten
أكبر;bigger/biggest, larger/largest, greater/greatest
معدود;limited in number, few
شاذ;odd, peculiar, deviated
معنوي;spiritual
كريم;generous
بيّن;clear, plain, evident, obvious, blatant
مركّب;compound, complex
ليّن;soft, tender, flexible
قطعيّ;final, definitive, decisive
جذري;radical
ماضوي;toward the past
تاريخي;historic, historical
شتّى;various, miscellaneous
غامض;mysterious, vague, ambiguous
بليد;dull, stupid
لاهوتي;theological
مشحون ب;laden, charged with
أقوامي;ethnic
شاحب;pale
إسلاموي;Islamist
صافي;pure
عنيد;stubborn
دامٍ;bleeding, bloody, gory
حامل;pregnant
مجهول;unknown, anonymous
معطّل;obstructing, disrupting, impeding
منعش;refreshing
خاطف;fleeting, rapid
محزن;sad, grievous, saddening
من جديد;anew, once more
مجرد;abstract
وفي;loyal, faithful
شجاع;brave, courageous
حري;free, at liberty
لا غير;that's all, nothing else, no more, nothing but, only, merely, solely
ضمني;tacit, implicit
ضروري;necessary, it's necessary
أبوي;patriarchal
مترجم;translated
مثمر;fruitful
مطمن;feeling assured, reassured, being comfortable or at ease, having no qualms
مغاير ل;different from
شامل;inclusive, comprehensive, complete, exhaustive, extensive
ساذج;naive, simplehearted, unsophisticated
ميت;dead
واثق من;trusting in, confident of, sure of
فخم;luxurious
متساوي;equal, similar, alike, identical
نادر;rare, scarce
أحلى;better/best, more/most sweet, nice, lovely, beautiful, pleasant
كامن;inherent, concealed
سخيف;silly, ridiculous
تافه;trivial, insignificant, petty, banal, trite
أسفل;under, underneath, below
متخلّف;retarded, backward, underdeveloped
أسمر;dark or brown
أرقى;more/most sophisticated, elegant, classy, refined
بشرية;human
مدني;civil
مؤقت;temporary
غيور;zealous, eager, keen, earnestly concerned
مسيحي;Christian
بضروري;necessarily
أكبر;older/oldest, elder/eldest
مربح;profitable
غنية;rich, wealthy
بدائي;primitive
نفسي;spiritual, mental, psychical
فعال;effective, active
عاطفي;emotional, romantic
قاسي;cruel, hard, harsh, severe, tough, extreme
شعبوي;populist
معقول;acceptable, possible, reasonable, logical, comprehensible
بريء;innocent
ذكوري;masculine
عملي;practical, concrete
مختفي;hidden, concealed, disappearing
شعبيات;folk, traditional, popular
معيّن;specified, specific, certain
معقولًا;reasonable, logical, comprehensible
متضايق;upset, annoyed
عام;public
عكس;opposite
مدني;civilian, citizen
جذاب;attractive
أول;most important, main, chief, principal
اتطور;developed [intransitive], evolved, grew
تبادل;exchanged
وزّع;distributed, handed out, divided up, spread
ضمن;ensured, guaranteed
أمر;ordered, commanded
حبس;imprisoned, locked up
عشق;loved, adored
ينوّر;[used to welcome a guest]
عانى;suffered
أربط;tie, fasten, bind
انعكس;was reflected
حلّل;analyzed
فضل;kept on, continued to
هرب;ran away, escaped, fled
يجوز;it's possible, permissible, allowed
تفاعل;interacted
عارض;opposed
خلّا;made/caused/permitted/allowed , left or let , kept
حكم;ruled
شبع;got full  or satiated
لمع;sparkled, shined, shimmered, gleamed, flashed
موّل;funded, financed
كسر;broke  [transitive]
قام;arose, got up, rose
ترجم;was translated
منع من;prevented, forbid  from
ساق;drove
لف;wrapped, rolled
حرم من;deprived  of
يجسد;embodies, represents
يتباع;is sold
لعن;damned, cursed
لام;blamed
صدر;was issued, released, emitted, published
أمن;safety, security
رأى;saw
مفهوم;concept, notion, idea
أخذ في عين الاعتبار;took  into consideration
نقص;fault, shortcoming, defect
رمى;threw, tossed, discarded
استفاد;benefited, gained
يؤسفني أن;it grieves me/saddens me that/to
حكى ل;told, said to, spoke to, talked to
غطّى;covered
نسى;forgot
كره;hated
سحب;withdrew, took away, pulled, dragged
اعتمد على;depended on, relied on
قاد;led
يجب;it's necessary, requisite, obligatory, indispensable
لحق;caught/kept , made it  on time, followed, managed/was able
شك;suspected, was suspicious, doubted, had doubts
تلمّس;felt out, sensed
وصّل;brought, delivered, conveyed, made  reach
كافح;fought, struggled
احتجب;became hidden or concealed
صارع;wrestled, struggled with
اعتدى على;attacked, assaulted
امتنع عن;refrained, abstained from
استنتج;concluded, deduced
تولّد;was generated or produced, originated
توالد;reproduced, multiplied by generation
عبر;crossed, passed through
اختصر;shortened, abbreviated, summarized
تراكم;accumulated, piled up
لوّث;polluted
أدار;turned on, operated
أنجز;achieved, accomplished
تفقّد;inspected, made a formal inspection
اتنطق;was said aloud, uttered, spoken, pronounced
اكترث ب;cared about, took an interest in
كبت;repressed, suppressed
تنازع;fought, disputed
امتزج ب;was mixed, mingled, blended with
سمّى;named, called
أحتيج;was needed
كرّم;honored, paid tribute to
أزعج;bothered, annoyed, disturbed
حفظ;saved, kept, preserved, protected, held
بغى;wanted, desired
منح;granted, gave, awarded
ما يخالف;it's okay, it's alright, it doesn’t matter, it’s fine
كشف عن;revealed, uncovered, exposed
ركب;rode, took , boarded
تعامل;dealt, interacted
كسب;gained, won, acquired
أضاف;added
خطّط;planned, made plans
دار;revolved, turned, spun, rotated
دق;knocked
جذب;attracted
غرق;drowned, sank
دعم;supported
ثبّت;fastened, secured
شاور ل;waved, gestured at
اتواصل;communicated, interconnected
عبر عن;expressed
سخن;became hot or warm
مسح;rubbed, wiped, mopped
هاجر;immigrated, emigrated, migrated
بيّن;showed, made  appear, revealed, made clear or visible, demonstrated
رد;answered, responded, replied
استسلم;surrendered, gave up
استجدى;begged, pleaded
التف;was wrapped
بذل;exerted
وقّف;stopped , suspended, made  stop
حرس;guarded
أخضع;submitted or subjected
اختبر;tested, examined, put to the test
ينبغي;it's necessary, requisite, obligatory, indispensable
اتفلسف;philosophized
ورت;inherited
بأسرع ما يمكن;as fast as possible
عاش;lived , experienced
فيما يتعلق ب;in what regards to, in regard to
تقلّص;shrank, dwindled, declined
جزء لا يتجزأ من;an inseparable or integral part of, part and parcel of
رفع الوصاية عن;lifted or took away the guardianship quality
يتسنى ل;is possible or feasible for
ضغط;pressured, exerted pressure
يخلو من;lacks, is free of
غبت;was absent
غاب;became absent/missing, didn't appear or show up
مما يحز في النفس أن;the sad thing is
ما دام;as long as, since
سقط;failed
طوّر;developed, advanced  [transitive]
قبل;accepted, tolerated
شرح;explained
قاوم;resisted, opposed, stood up against
صام;fasted
وقع;fell
لمس;touched
اتعين;was appointed, hired
أعلن;announced, declared
خلق;created
حرم;forbade, made sinful
ولد;was born
ضرب;hit, beat, struck
اصطاد;hunted, fished
رفض;refused, rejected
زار;visited
اتهم ب;accused  of
مهما كانت;no matter
احتل;occupied, took over, held
انتاب;afflicted, befell, overcame
استاء من;was angered by, displeased with
إذا صح التعبير;so to speak, if I may say
حل;solved
رحّب;welcomed
سرق;stole, robbed
اكتشف;discovered, found out
زعل;made  upset, angered
أحس ب;felt, sensed
سجّل;recorded, registered, logged, scored, enrolled, signed up
وصف;described
احتفظ ب;kept, preserved, held
مخالفة;violate, violating
قرر;decided
قلق;worried, got worried
كرر;repeated
رعى;guarded, protected, cared for
تحمّل;beared, endured, put up with
هدد;threatened
أثّر في;affected, influenced , had an effect/impact on
اتصل;called
ادّعى;claimed, alleged, faked
أدّى;led
شهد;witnessed
مد;extended, stretched
تمتّع;enjoyed, took pleasure
صمد;persevered, withstood, held out
تبنّى;adopted
رن;rang
سمح ل;allowed , permitted  to
حسب;calculated, computed
بني;was built, erected, constructed, set up
صرف;spent , support  financially
قيّم;assessed, evaluated
مهما يكن;no matter what, no matter who
وافق;agreed, approved
أفضل;stay, remain
انفلت;escaped, slipped away, got away
مشى;walked
عض;bit
ظهر;appeared, became visible, emerged
سئل;was asked
بان;became apparent or visible, showed up, came into sight
اتقدم;was presented, offered, served
عسى;[shows potential or possibility]
تمركز;was centered, centralized, or concentrated
فسر;explained, interpreted
ساهم في;participated or shared in, contributed to
استقر;settled down
اختفى;disappeared
اتقدم;advanced, progressed
أدّى;performed, executed
رفع;raised, lifted
اتأثر;got affected, influenced
استشهد بالله;said the formula لا إله إلا الله
حافظ على;protected, preserved, maintained
زاد;increased [intransitive], became more
أقنع;convinced
خطب;got engaged, proposed to
طرح;posed, presented
انسحب;withdrew, retreated
مال;inclined, tended, was favorably disposed
دافع عن;defended, stood up for
ألّف;wrote, composed
صدق;spoke truthfully, told the truth
انشغل;got busy or occupied
فات;passed , elapsed, eluded, escaped  notice
نادا;called, called out
اختلف;differed, was different
لجأ;resorted, sought refuge
تذمّر;grumbled, complained
عدّ;counted
أشّر;pointed
فرض;assumed, supposed
أجّر;rented out, let out for rent
اعتمد;sanctioned, authorized, approved, ratified
حنّّى;put henna on, dyed  with henna
لمّح;suggested, insinuated, hinted
وثق;trusted
شكر في;spoke highly of, praised
استكشف;explored, discovered
نظم;organized, arranged
نفى;denied, refuted
خصص;designated, allocated
احتفل;celebrated
افتقر إلى;lacked, was in need of
نقل;copied, made a copy of
بالغ;overdid, exaggerated, went too far
أثبت;confirmed, proved, established
استجوب;interrogated, questioned
اتولى;undertook or assumed
عاين;inspected, surveyed
استحق;deserved, was worthy
انعدم;was lacking, absent, nonexistent, or devoid of
اندمج;got absorbed, merged, integrated, fused
اتدمر;got ruined, destroyed, destructed
عذر;excused and sympathized with , made allowances for
أهمل;neglected
عزّز;made strong, strengthened, reinforced
هز;shook
انفعل;became agitated, aggravated, or worked up
اكتفى ب;was content, made do with
ضرب مثلًا;set as an example
همّ ب;was worried or concerned about
حاسب;held accountable
شوّه;deformed, distorted
استعان ب على;sought the help of  against
ضحّى;sacrificed
استورد;imported
انتصر;achieved victory, triumphed
حل محلّ;took the place of, replaced
عزم;invited, took out, treated
عبد;worshipped
دلّ على;led, guided, directed  to
استعمل;used
دعا إلى;called upon  to
اجتمع;came together, gathered, met
لحق;followed, pursued
خبط;hit, struck
غضب;became angry
نفّذ;carried out, executed, implemented
صبّح;said good morning
كلف;cost
لبّى;responded , fulfilled
انتمى;belonged, was associated, was affiliated
سلّم ب;admitted, conceded
تعالى على;deemed himself above, looked down on, acted superior to
ذل;humiliated
تدهور;deteriorated, declined
بذّر;wasted, squandered, dissipated
أسقط في يد;stood aghast, was at a loss, was bewildered, was bowled over
رضى عن;satisfaction with or acceptance of
كركب;made a mess, left  in a mess
أرضا;pleased, satisfied
هيمن;dominated, controlled, had power over
شخّص;personified
أوجد;brought into existence
تأتأ;stuttered, stammered
طاول;was tall or long enough to reach
اشتكى;complained
تعلّق ب;got attached to
مرّ على مرور الكرام;passed over  with dignity, treated  with disdain, treated  insignificantly
شخّص;diagnosed
فسد;became corrupt
بث;broadcasted, transmitted
استهلك;consumed
تناقض;contradicted
توافر;was ample, abundant, plentiful
انحسر;receded, subsided
غار;got jealous
أوفد;delegated, deputed, dispatched
تضاءل;diminished, dwindled, decreased
واجه;faced, confronted, encountered
تركّز;was concentrated
عكس;reversed, inverted, turned in the opposite direction
ربى;was raised or brought up
استثمر;invested
استوعب;comprehended
أساء إلى;wronged or offended , acted evilly towards
زال;abated, came to an end, ceased to be
عمّر;lived to an old age
طبخ;cooked
قاس;measured, took measures of
فجّر;blew up, made  explode
انصرف عن;refrained from doing
طبّق;applied, implemented, enforced
سلك مسلكًا;followed a course
اختلط;was mixed or mixed up, formed a mixture or blend
تماهى مع;coalesced or was congruent with
ألحد;became an atheist, abandoned his faith
فكّ;took apart, disassembled
قهر;subjugated, conquered
أفرز;secreted, excreted, discharged
تشتّت;was dispersed, scattered, split in many directions
اقتسم;divided, distributed among themselves, shared
ربط;tied, fastened, bound
أباد;annihilated, eradicated, exterminated
رتّب;organized, arranged, put in order, tidied up
فرض;imposed
اختلف;disagreed, had a disagreement, differed in opinion
ألحق ب;attached, connected  to
هاتف;called, phoned
تعا;come! let's!
هات;[used to request or demand that something be brought, given, or handed over]
تراسل;kept up a correspondence, exchanged letters, wrote to each other
وهب;granted
زايد على;engaged in verbal one-up man-ship against
تمزّق;got torn
كتم;silenced, hid, concealed, kept quiet
استند إلى;leaned against, rested on
أنعم على ب;blessed  with
حك;rubbed, chafed, scratched
انحرف;deviated, strayed, turned away
التفت;turned around, turned one's face
ميّز عن;distinguished  from
جامل;flattered, complimented
صفّى;liquidated, eliminated, killed
تحامق;pretended to be stupid
ناصر;backed, supported, aided
صفّى;cleared up, purified
جاز;it was possible, permissible, allowed
أحاط ب;knew thoroughly, understood fully
غلّف;wrapped, enveloped, covered
عزل;isolated, cut off, detached
احتقر;looked down on, despised, scorned
كحّل;lined  with kohl
عدد;listed, enumerated
صد;repelled, warded off, drove back, kept out
استغفر;asked God for forgiveness, sought God's forgiveness
انفجر;exploded
أجبر على;forced, compelled  to
جرّ;pulled, dragged, tugged, hauled
حسد;envied, put the evil eye
حار;became confused
انحنى;bowed, bended, leaned over
حبس أنفاسه;held his breath
حنّ;yearned, longed
ركع;kneeled, bowed
أشفق على;pitied, had compassion for, sympathized with
عجّل ب;brought about quickly, hastened on
علّق;commented
أفلت من;escaped or slipped away from
وسوس;instilled evil , prompted or tempted
توسّل;begged, pleaded
استغرب;got surprised or astonished , considered  strange or odd
استصعب;found or considered difficult
استبعد;considered  farfetched or unlikely
استسهل;considered  easy
تنافى مع;was incompatible or contradictory with
فتح سيرة;mentioned, brought up the topic of
مسّى;said good evening
توارى عن الأنظار;disappeared
شمت;gloated, rejoiced at  misfortune
استثقل;considered  heavy, hard, or burdensome
خلا من;became empty of
التزم ب;abided by, adhered to, complied with, committed to
كمّل نص دينه;got married
لان;became soft, tender, or flexible
خدم;served, provided a service
ساير;went along with, humored
سوّى;leveled out, smoothed out, made even
لاحظ;noticed
تخلص من;got rid of
لم يدع;didn't let or leave
وفّق بين;reconciled or made peace between two parties, sides, or ideas
لازم;accompanied, was inseparable from, kept close
استثني;was excepted, excluded, made as an exception
دفن;buried
اشتبك;clashed, engaged
انتخب;voted , elected
أنكر;denied, refused
ذهب إلى القول بأن;went so far as to say that
انقاد;was led or guided
تعاظم;became greater or more imposing
نودي;was called, called out
استغنى عن;did without , dispense with
استجاب;responded
أجاد;mastered, did excellently, was an expert at s.th.)
خاصم;had animosity towards, was an enemy with, picked a fight with
اهترأ;wore out, became threadbare
تحسس;groped, felt around , ran his hands over
تصفّح;paged through, leafed through
انحلّ;disintegrated, decayed, deteriorated
حقّر;degraded, humiliated
أوجز;summarized, stated briefly
أهدر;squandered, wasted
اغتصب;raped
ذات;[shows possession or identification with in some way]
التقط أنفاسًا;caught breaths
لمح;caught a glimpse of, noticed, saw
ناول;handed  to
راقب;watched, observed, monitored, regarded attentively
احترم;respected, had respect for
ولّد;generated
اتوكل على الله;trusted in God, depended on God
اضطرب;became disturbed, unsettled, or restless
اعتبر;considered
خطّط;drew lines
استدلّ على;sought direction or information about, inferred, deduced, derived
تستّر على;hid, concealed, covered up
التقط نفسًا;caught a breath
اعتز ب;was proud of, took pride in
شرّف;honored
اتعود;got used or accustomed
تشارك;shared
ضلّ;strayed, deviated
صدم;shocked
ل;[intensifier]
كم;[used to express wonder and intensify]
قد;[indicates the termination of an action in the past]
كي;so that, in order , to
ضد;against
تا;even
بعد;yet
عبر;across, through, by way of, by means of
دون;below, beneath, under
إيا;[signals prohibition or warning]
كلي;both of, the two of
لقد;[confirms action in the past]
ضمن;within, among, inside of
لكي;so that, in order , to
إذا;and then, and all of a sudden
أجل;yes, indeed, no doubt
لئن;"emphatic form of ""if"""
تلو;after, upon, following
لسّة;not yet
طيلة;throughout, during
فجأة;suddenly
متلا;for example
فحسب;and that's all, and no more, only
مهما;no matter , whatever, however
كلتي;both of, the two of
إنما;but, however
إذًا;so, therefore, hence, consequently
من ثم;hence, therefore, for that reason, consequently
ليس ب;[negation]
إيا و;[signals prohibition or warning]
حوالي;approximately, roughly, about
عبثًا;in vain, futilely, to no avail, uselessly
طالما;as long as
كليًا;completely, entirely
حتمًا;inevitably, definitely
أبدًا;always, forever
ياريت;I wish, I hope, if only
ومن ثم;then, thereupon
من قبل;on the part of, from, by
كما لو;as if
يا ترى;I wonder, just wondering
نسبيًا;relatively
خصوصًا;especially, in particular, specifically
بالطبع;of course, naturally, definitely
بالذات;especially, in particular
مجازًا;metaphorically, figuratively
مرارًا;again and again, several times, time and again
لا سيما;especially, in particular, mainly
أيها ال;[used for calling or addressing people]
غير أنّ;except that…, however, but, yet, …though
باختصار;briefly, in short
بالحسنى;amicably, in a friendly manner
جوهريًا;substantially, essentially, fundamentally
إطلاقًا;under any circumstances, without exception
على نحوٍ;in such a way, in a... manner
أيتها ال;[used for calling or addressing people]
فيما بين;between, among
أيّها ال;[used for calling or addressing people]
مثل كمثل;is comparable to, is like
تاريخيًا;historically
تلقائيًا;automatically
كثيرًا ما;often
فقط لا غير;that's all
أيها ال ال;[used for calling or addressing people]
أيتها ال ال;[used for calling or addressing people]
الحيلولة دون;preventing, obstructing
تارةً وتارةً أخرى;at times ... and at other times
